,name,album,artist,id,release_date,popularity,length,danceability,acousticness,energy,instrumentalness,liveness,valence,loudness,speechiness,tempo,key,time_signature,Cluster
0,Doremi,1 Hari Yang Cerah,Budi Doremi,4XyAYEVNRiMFWm17HkRnnk,2012-01-27,59,237740,0.666,0.257,0.509,0.0,0.122,0.886,-7.589,0.404,177.986,7,4,0
1,123456,1 Hari Yang Cerah,Budi Doremi,2CFpkbOfYe23ZoMfufNKVB,2012-01-27,61,219271,0.815,0.527,0.653,0.0,0.13,0.854,-7.093,0.289,91.044,2,4,0
2,Akulah Dia,Bintang Yang B3rsinar,Drive,1REjtRSFuT2iWod0vABJSP,2010-11-03,50,196880,0.595,0.00462,0.84,0.0,0.321,0.479,-5.067,0.186,136.189,2,4,0
3,Online,Online,Saykoji,7mKP7fGySWEJv2jVX1H7Ps,2020-02-06,39,194063,0.805,0.25,0.763,0.0,0.515,0.97,-5.441,0.125,58.986,10,4,0
4,Hey Gadis,Penantian Hidup,SAMSONS,6emutKYT46P70CyE4GSUlg,2007-01-01,39,237253,0.605,0.0556,0.817,2.3e-06,0.65,0.637,-5.743,0.126,161.971,6,4,0
5,Cari Pacar Lagi,P.U.S.P.A.,ST12,1at0dTYo8Z3G1q3KnI3nxH,2008-06-28,58,214400,0.69,0.298,0.633,0.0,0.0837,0.92,-5.317,0.0415,118.031,4,4,1
6,Terhebat,Coboy Junior,Coboy Junior,0GuEv8le1mXsKzx6xBiARx,2013,54,254973,0.604,0.0243,0.934,0.0,0.262,0.633,-2.81,0.0695,78.992,1,4,1
7,Cinderella,Langkah Baru,Radja,3nWlfhNCcDhAxlsHmcggEG,2005-09-16,49,212137,0.481,4.5e-05,0.876,0.0,0.108,0.606,-7.461,0.0467,171.973,4,4,1
8,Selow,Selow,Wahyu Selow,1c5ZiOfMbDBHKRNuMfinOb,2017-10-10,54,216989,0.626,0.601,0.573,0.0,0.0872,0.869,-5.349,0.13,159.828,2,4,1
9,Lupa Lupa Tapi Ingat,BOOMING !!! Bee Are The Kill Young Pen Think Gun Thank,Kuburan,4OsWhV23acZBl7ETJWL714,2009,35,211093,0.878,0.229,0.531,0.0,0.226,0.756,-10.441,0.075,125.069,0,4,1
10,Jangan,Marion,Marion Jola,67b1URIgKY6PynbTWYRava,2019-07-19,51,229335,0.447,0.105,0.611,5.27e-06,0.165,0.727,-6.764,0.075,94.966,0,4,1
11,Ay,Yang No.1,D'Bagindas,3Tf3j15oYuZracuCsa0DZ0,2011-01-18,41,231586,0.636,0.0993,0.554,0.0,0.103,0.641,-5.195,0.0325,118.063,2,4,1
12,Magic,Dunia Sempurna,Lyla,4gBgYl7wW3a0J2DOtCE37l,2014-05-02,0,233013,0.621,0.00238,0.705,1.81e-05,0.0943,0.607,-6.323,0.0284,109.948,0,4,1
13,Berharap Tak Berpisah,Keyakinan,Reza Artamevia,5xKovpSlp7iKLMQTwGhOaD,2002,58,247293,0.592,0.175,0.726,0.0,0.0792,0.632,-5.085,0.0654,115.021,1,4,1
14,Masih Ada,Realistis Idealis,Ello,6cG3UfwxKQPZIh7qMN3Lhe,2008-07-28,55,238226,0.66,0.135,0.885,0.0,0.238,0.909,-4.415,0.0351,130.041,4,4,1
15,You Are My Everything (feat. Red),OST. Cinta Silver,Glenn Fredly,2MdoXFLKNUnTdgWZisagEp,2005-06-24,53,306226,0.59,0.0229,0.689,0.0,0.19,0.546,-6.485,0.0487,104.985,4,4,1
16,Fortune Cookie Yang Mencinta,Mahagita - Kamikyokutachi,JKT48,0OJIIw8NiKaomNKd7BCJPZ,2016-03-23,0,282972,0.713,0.0104,0.962,0.0,0.227,0.784,-2.796,0.0582,122.017,2,4,1
17,Saat Bahagia,1000 Kisah Satu Hati,Ungu,11HoyxwXVwWq6lj2Rv37CH,2010-08-18,64,249106,0.624,0.078,0.614,0.0,0.0903,0.665,-6.605,0.0283,124.934,0,4,1
18,Bukan Superstar,Top Of The Pop,Project Pop,6TTR0QbfZJEZ2zhL23U6CW,2008-01-01,46,238800,0.595,0.0719,0.763,0.0,0.0861,0.708,-5.875,0.059,136.054,0,4,1
19,Aku Rela,Titik Cerah,Naif,1pkECZmuSQo5Jy1jIofPqU,2014-07-07,50,144770,0.61,0.181,0.792,0.0,0.298,0.511,-8.778,0.0458,134.413,0,4,1
20,Jika Kami Bersama,Angels And The Outsiders,Superman Is Dead,1tjXK475zBScgGLld0IHEn,2008-07-28,54,228293,0.482,0.0213,0.9,2.16e-06,0.0884,0.885,-4.269,0.041,185.108,6,4,1
21,Betapa,Menentukan Arah,Sheila On 7,5yYCrAuCka1kVSJiCHnurL,2008-11-11,57,223466,0.621,0.303,0.727,0.000694,0.17,0.822,-6.28,0.0289,130.001,4,4,1
22,Karena Kusuka Dirimu,Heavy Rotation,JKT48,5MvvfIkbTM4MxCJa3gfh3R,2013,34,248293,0.424,0.000562,0.931,0.00453,0.107,0.689,-4.08,0.0726,158.058,6,4,1
23,Pemuja Rahasia,Pejantan Tangguh,Sheila On 7,1Ib0UNLoqBEWTmBvXeFSni,2004-05-25,59,232906,0.655,0.0575,0.694,0.0,0.0696,0.78,-7.244,0.0358,145.857,7,4,1
24,Air & Api,The Best,Naif,0Z3E3USDNRILRhQBwy0ljP,2014-07-03,66,197813,0.702,0.235,0.868,4.45e-05,0.19,0.876,-8.361,0.0398,135.048,0,4,1
25,Superman,Lucky Laki,Lucky Laki,5lu5smhU5Gj4v1vqotGei5,2010-11-11,44,189637,0.787,0.0509,0.869,0.000383,0.25,0.96,-5.333,0.0469,125.044,1,4,1
26,BBC (Benci Bilang Cinta),Aku Ada Karena Kau Ada,Radja,1dTHSvQEzXMzoBsA5U9txv,2006-02-20,47,281193,0.618,0.167,0.895,0.0,0.0855,0.535,-5.991,0.0773,109.942,0,4,1
27,Kamulah Satu Satunya,The Best of Dewa 19,Dewa 19,6pCfc6xxUXYBWLMQhIWDmh,2012,61,241266,0.428,0.0507,0.711,0.0,0.125,0.624,-8.114,0.0373,73.984,0,4,1
28,Pesan Cinta,"L1ve to Love, Love to L1ve",Afgan,41M4whJ2Vy5UV9tvWaVt8B,2013-02-05,43,263087,0.778,0.0892,0.612,0.0,0.0356,0.658,-4.544,0.0427,120.957,2,4,1
29,"Jatuh, Bangkit Kembali!",CERITERA,Hivi!,0vKVjAhDSzDfMS5KsOkN5r,2019-11-13,42,278800,0.572,0.0107,0.792,4.47e-06,0.365,0.791,-6.55,0.0373,148.966,1,4,1
30,Kita Selamanya,For All,Bondan Prakoso,3RoXxFX4xLg8u2BJPYLExg,2010-05-14,56,258160,0.578,0.304,0.821,0.0,0.109,0.795,-6.133,0.0808,168.066,0,4,1
31,Ceria,Topeng Sahabat,J-Rocks,10RtTP5oG5coNZK0sxrbUP,2005,55,233640,0.678,0.00687,0.785,7.32e-06,0.0784,0.927,-4.956,0.0318,95.03,2,4,1
32,Arti Sahabat,Top Up,Nidji,2npCSRjcxaZ405c6k9nt7V,2007-02-05,37,248453,0.503,0.137,0.819,0.0,0.349,0.488,-4.945,0.0421,140.044,0,4,1
33,Kisah Romantis,OST. Cinta Silver,Glenn Fredly,37Esp6rBYhZa8pxJs5xzIV,2005-06-24,48,263480,0.749,0.38,0.826,0.0118,0.223,0.914,-5.95,0.0316,127.998,4,4,1
34,Jadi Gila,Friday,RAN,7tQSM3hZtUVuAnlklMsN8T,2009-01-01,45,261373,0.874,0.195,0.493,0.0,0.0739,0.85,-7.871,0.0592,99.948,7,4,1
35,Rahasia Perempuan,Keseimbangan,Ari Lasso,2x7FNOlOS0ZYn0Bsv8S3FG,2003,53,210040,0.68,0.0165,0.908,3.9e-06,0.0623,0.802,-4.4,0.0479,121.828,4,4,1
36,P.U.S.P.A.,P.U.S.P.A.,ST12,08pqX1H8bGoV767lzfUDKG,2008-06-28,59,196226,0.648,0.274,0.707,5.06e-06,0.0997,0.898,-6.022,0.0299,118.175,0,4,1
37,Walau Habis Terang,The Journey Vol. 1,Peterpan,2GoKOqtHXX6pE8mj8FJXbw,2022-02-22,58,215306,0.584,0.0216,0.787,0.00106,0.12,0.552,-5.928,0.0288,124.994,2,4,1
38,Gara Gara Kahitna,Move On,Project Pop,0R1E3diP30q5JYLtoIyxeI,2013-09-05,43,207493,0.656,0.0299,0.899,0.0,0.147,0.73,-4.545,0.0275,94.98,0,4,1
39,Menghujam Jantungku,My Happy Life,Tompi,6VmfI8TnfhrFHqImmvubvZ,2008-01-28,57,213213,0.677,0.345,0.918,0.0,0.174,0.839,-3.989,0.0746,105.014,0,4,1
40,Slow,Slow,Young Lex,0zEMaXrSppIWuv3FD6pOwu,2016-10-27,35,211835,0.701,0.109,0.664,0.0,0.0628,0.575,-6.259,0.0738,100.0,6,4,1
41,Mari Bercinta,Malaikat Penggoda,Aura Kasih,1sSJYg2nPcThHkpgVHNHlD,2008-03-26,58,179800,0.608,0.135,0.874,0.0,0.0979,0.887,-5.728,0.125,175.053,5,4,1
42,Putus Nyambung,The Best of Top,Various Artists,43Dg1eAyCebIZAB21AmKJf,2009,34,207986,0.562,0.0254,0.858,0.0,0.187,0.527,-5.962,0.0865,148.097,0,4,1
43,Skutermatik,From Jogja With Love,SKJ'94,2CZkgW5dVbwaqiiiRYnLqe,2010-02-12,33,216213,0.739,0.00393,0.824,0.0014,0.29,0.923,-6.476,0.0287,139.017,2,4,1
44,Pandangan Pertama,RAN For Your Life,RAN,7vARkAvliy40kkanvCQvSR,2008-01-01,64,300693,0.663,0.039,0.769,1.1e-06,0.125,0.68,-5.028,0.0284,102.968,0,4,1
45,Panah Asmara,DEKADE,Afgan,2n5MdJ8bdz4QYOTdeZaBd5,2018-02-21,60,274539,0.749,0.0646,0.764,0.000158,0.0364,0.96,-5.991,0.0474,122.982,8,4,1
46,Goyang Duyu,Top Of The Pop,Project Pop,3NXtnSBSZPPu7djESFaR74,2008-01-01,41,179773,0.627,0.213,0.819,0.0,0.23,0.901,-7.056,0.0739,79.988,4,4,1
47,Madu Tiga,T.R.I.A.D,T.R.I.A.D,4QGJp0ZoyBpgZji8hiUfWT,2010-01-14,45,171853,0.595,0.016,0.842,0.0,0.169,0.911,-7.269,0.0308,143.985,2,4,1
48,Munajat Cinta,Master Mister Ahmad Dhani I,The Rock,3LcfOGrnhpaPgOy7221VcB,2007-08-31,65,224165,0.628,0.0196,0.668,0.000102,0.0769,0.833,-6.915,0.0257,74.994,7,4,1
49,Senyum Semangat,Senyum Semangat,SMASH,58eJBGE97mSjXztTc0cHmk,2011-06-26,41,189783,0.64,0.0994,0.861,0.0,0.197,0.85,-5.345,0.116,125.109,1,4,1
50,Gelora Asmara,Derby,Derby,5qt7cA8S357FY4COgxLOsK,2008-07-25,48,248680,0.746,0.464,0.665,0.00202,0.0854,0.923,-7.338,0.031,123.989,1,4,1
51,Malam Biru,Sandhy Sondoro,Sandhy Sondoro,6PY4SQue8uzeN3GrLaHwgF,2010-01-01,51,168200,0.865,0.239,0.549,0.0,0.109,0.834,-6.949,0.0384,119.994,0,4,1
52,Hampa Hatiku,Penguasa Hati,Ungu,262WS9o17pbvwS6NdQKmG7,2009-04-27,36,228466,0.677,0.0966,0.766,0.0,0.145,0.844,-4.217,0.0368,89.891,0,4,1
53,Karena Wanita (Ingin Dimengerti),Romantic Rhapsody,Ada Band,2n3qmVFvKlYnCoPazri770,2006-03-27,60,276735,0.567,0.101,0.78,1.53e-06,0.0256,0.788,-6.401,0.037,87.956,9,4,1
54,Yolanda,Bintang 14 Hari,Kangen Band,3fGFS4l6kslmBu8PoJmhMg,2008-03-05,49,218279,0.714,0.12,0.786,2.28e-05,0.221,0.654,-4.612,0.0302,124.957,2,4,1
55,Naluri Lelaki,Naluri Lelaki (Special Edition),SAMSONS,7KwnrVNUAkIZFqEc0FM9Zg,2016-09-21,47,223826,0.559,0.0871,0.85,0.0,0.252,0.897,-4.333,0.0729,95.975,2,4,1
56,Topeng,Taman Langit,Peterpan,5DhxXAyhcOA0jnR103HNTP,2003-01-01,49,265520,0.599,0.00349,0.675,5.09e-05,0.108,0.747,-7.08,0.0312,132.984,0,4,1
57,Diam Diam Suka,Cherrybelle Compilation Album,Cherrybelle,54hwAFt5hfHwGmhzjY0RmE,2016-08-05,52,221666,0.7,0.201,0.72,0.00431,0.105,0.824,-6.984,0.0874,179.968,6,4,1
58,Pergi Pagi Pulang Pagi,Pagi Pulang Pagi,Armada,3TBFMVl8kkpizYrO9lYHje,2014-09-17,60,213053,0.58,0.0265,0.681,0.00644,0.0613,0.754,-5.947,0.0339,145.039,6,4,1
59,"Galih & Ratna (From ""Galih & Ratna"")","Galih & Ratna (From ""Galih & Ratna"")",GAC (Gamaliél Audrey Cantika),4s7A3Fd0Sw9HmHkDzSeG2F,2017-02-01,49,183182,0.726,0.227,0.597,0.0,0.16,0.675,-5.678,0.133,105.97,0,4,1
60,Dia Harus Tahu,Malam,Jikustik,7wQPptfFO5jkLYAlH6F3OD,2007-12-20,36,236213,0.693,0.0362,0.832,2.6e-05,0.146,0.714,-5.693,0.0341,111.992,9,4,2
61,Gadis Genit,Yang Kedua,Vidi Aldiano,3RmpYZweAJVLuzFUfwoVKR,2011-07-22,26,230213,0.709,0.372,0.578,0.0,0.363,0.797,-7.371,0.039,124.996,7,4,2
62,Sabtu Minggu,Be My Lady,Sandy Canester,1GI4B57ToEI5e1Kh4bD75t,2005,38,259346,0.627,0.227,0.488,1.22e-06,0.393,0.455,-11.35,0.0552,77.975,4,4,2
63,Untuk Sahabat,23-03,Audy,4G3R8NvD5sPiAPKMZVDt54,2006-03-20,31,192226,0.582,0.119,0.769,6.75e-06,0.226,0.562,-4.939,0.0442,110.061,6,4,2
64,Buktikan,Tak Pernah Kubayangkan,Nindy,2YHvzOEz9rSIZHbRIeRWzb,2008-07-28,37,205853,0.712,0.288,0.748,1.67e-05,0.317,0.939,-4.354,0.0381,93.026,7,4,2
65,Diam Tanpa Kata,Perubahan,D’MASIV,4WGurtyQy6WfJ04wmM0VkH,2008-01-01,52,236013,0.581,0.012,0.897,0.0,0.0787,0.612,-4.004,0.0408,134.842,11,4,2
66,Hijrah Ke London,Mencoba Sukses Kembali,The Changcuters,3821tdFqPQeJNYxryIqIev,2008-02-08,59,205706,0.509,0.0349,0.924,0.00306,0.343,0.647,-4.298,0.0312,138.015,9,4,2
67,Ular Berbisa,Say Hello,Hello,0UlanUvwxdIg3fGAISwEfQ,2008-08-07,48,214550,0.819,0.105,0.735,0.0,0.148,0.95,-3.615,0.0308,112.001,11,4,2
68,Disco Lazy Time,Breakthru,Nidji,4Rm7dvxs2UCn9xuCJ4xJip,2006-02-05,39,255773,0.626,0.0432,0.861,0.000114,0.329,0.647,-8.483,0.0358,133.992,5,4,2
69,Biarlah,Top Up,Nidji,28MIhQn4HxHaGaNWuGB4bY,2007-02-05,46,238426,0.618,0.0591,0.904,0.00769,0.289,0.844,-4.594,0.0339,141.985,11,4,2
70,Terlatih Patah Hati,Jabat Erat,The Rain,1mAkA0ZVdi3S9gVvuJw89I,2016-09-10,69,260706,0.467,0.282,0.739,0.0,0.36,0.684,-4.833,0.04,162.015,9,4,2
71,Selir Hati,T.R.I.A.D,T.R.I.A.D,44jm7VMs3gZlzZMnwa3Wt3,2010-01-14,66,244706,0.638,0.0645,0.782,1.43e-05,0.283,0.718,-5.289,0.0338,83.003,9,4,2
72,Cemburu,Bintang Lima,Dewa,4huqghnepsIzBA01HfaAG3,2000,55,187306,0.419,0.34,0.666,0.0,0.433,0.625,-6.873,0.0363,185.378,4,4,2
73,Ku Yakin Cinta,Good Morning,D'Cinnamons,41c2k5itZnYZ2irOFkIEDt,2007,41,177493,0.798,0.194,0.499,8.85e-05,0.264,0.681,-8.493,0.0286,115.028,6,4,2
74,Siapa Yang Pantas,Domino,Domino,1TUD49Nj0fQDWw3kkjztEk,2020-02-11,40,211333,0.625,0.00389,0.715,7.43e-05,0.106,0.763,-4.156,0.0307,115.058,11,4,2
75,Baby Doll,Indah,Utopia,525sHGS4t4GYsFvD3TDWHZ,2007,48,208826,0.625,0.0164,0.769,0.00625,0.192,0.768,-6.317,0.0287,140.049,7,4,2
76,Lagu Galau,Lagu Galau,Al-Ghazali,6LlYiCANz8gCXUl7g37d6A,2015-05-04,38,243200,0.627,0.146,0.58,0.0,0.216,0.618,-7.136,0.0278,149.954,9,4,2
77,Jerawat Rindu,Anji,Anji,0boUHVsBmgExC5Hb6TARoN,2014-11-30,33,219600,0.583,0.0773,0.739,4.39e-05,0.21,0.668,-7.634,0.056,84.988,7,4,2
78,Piknik '72,Naif,Naif,5VL1nUFQeWRvvYgFy1D6g2,2014-07-03,61,201933,0.689,0.167,0.643,0.00128,0.271,0.772,-9.361,0.0312,120.179,4,4,2
79,Melompat Lebih Tinggi,OST. 30 Hari Mencari Cinta,Sheila On 7,7Hun5YHQ5TEe9j97cU5XPg,2003-12-05,59,198133,0.534,0.00269,0.852,0.0,0.206,0.595,-6.735,0.083,171.961,6,4,2
80,I Heart You,Senyum Semangat,SMASH,78rsxJsbBtWtTcCwgJqoA3,2011-06-26,49,200389,0.692,0.444,0.862,0.0,0.105,0.751,-8.044,0.134,129.981,8,4,2
81,Resah Tanpamu,Lebih Baik Sendiri,Titi Kamal,4UNUyeGaZVszl2oQEqzn6u,2009-07-01,47,273413,0.781,0.18,0.577,4.19e-06,0.18,0.909,-6.136,0.0858,104.034,9,4,2
82,Pilih Saja Aku,Mine,Petra Sihombing,3e7Xsl6DPWEgAgBF1ErMl8,2014-06-30,55,204226,0.798,0.578,0.522,6.21e-05,0.132,0.964,-6.796,0.0345,120.006,11,4,2
83,Could It Be,Raisa,Raisa,6Khn20yWc0YGJy1wbkz3Be,2011-05-02,54,221400,0.673,0.6,0.537,0.0,0.349,0.632,-8.088,0.0954,100.03,4,4,2
84,Mata Ke Hati,Say Hi To Hivi!,Hivi!,1Ml2eaYgtXPdklPnZeVqqv,2012-04-18,51,239453,0.603,0.217,0.718,0.0,0.237,0.755,-4.396,0.0368,129.869,9,4,2
85,Anak Sekolah,Best '90 Chrisye Vol. 1,Chrisye,5jo3UYwTZiYGGpVKXzptHK,1990-03-03,37,240040,0.599,0.0864,0.862,1.03e-06,0.329,0.874,-6.714,0.0506,168.599,6,4,2
86,Aku Cinta Kau Dan Dia,Master Mister Ahmad Dhani I,The Rock,2oOuucUnBxy9pJ4lIkeaeD,2007-08-31,61,291781,0.589,0.189,0.725,0.0,0.32,0.732,-6.265,0.0611,165.866,9,4,2
87,Semakin Ku Kejar Semakin Kau Jauh (SKSJ),Semua Ini Sendiri,Five Minutes,5USlcP7gkpSzzdGGCAZ4ya,2009-01-15,54,255883,0.699,0.153,0.694,0.0,0.0755,0.96,-5.455,0.0303,112.038,9,4,2
88,Parampampam,Tugas Akhir,The Changcuters,56PJQTInyU7P70BQ0IrPK4,2011-06-17,49,219573,0.614,0.185,0.886,6.35e-06,0.0959,0.817,-2.476,0.0608,154.949,9,4,2
89,Main Hati,Season 2,Andra & The Backbone,7FIexxwjbX5IJ9LxawSdjL,2008-03-25,61,238933,0.577,0.00942,0.639,0.000232,0.175,0.461,-5.26,0.0255,157.991,11,4,2
90,Everybody Knew,Pasti Bisa,Citra Scholastika,6u2Lo5WktC33hwUrMukNrJ,2014-10-14,56,221386,0.654,0.539,0.799,0.0,0.478,0.94,-4.991,0.0396,92.543,11,4,2
91,Bendera,Rasa Baru (Re-package),Cokelat,0BsTURzR1eWY6GXAKSqyVW,2002-07-03,47,247786,0.545,0.063,0.862,8.6e-05,0.0693,0.713,-7.754,0.0608,155.9,9,4,2
92,Sweet Talk Feat. Chandra Liow,Sweet Talk (Single),Sheryl Sheinafia,7eQvvCRBECiZoJkX3r6q1L,2017-11-17,49,179188,0.776,0.4,0.534,0.0,0.309,0.709,-6.936,0.155,110.073,4,4,2
93,Kamu,Coboy Junior,Coboy Junior,4kMQVpke2L9tlWOINuAo07,2013,60,229466,0.712,0.143,0.828,0.0,0.299,0.565,-4.673,0.0519,123.967,10,4,2
94,Bunga Jiwaku,The Special One,Yovie & Nuno,65yyBRBP2SpKA0U6APMakX,2007-12-10,44,214733,0.564,0.0391,0.85,7.14e-05,0.265,0.84,-4.094,0.0375,145.961,5,4,2
95,Doy,Bintang 14 Hari,Kangen Band,0MhNhoGoKkOILkpAq80cdc,2008-03-05,51,204826,0.762,0.0591,0.672,0.0,0.028,0.96,-7.15,0.0502,129.965,11,4,2
96,Ingat Kamu,Sang Juara,Maia,7qzpzDHfnDxqXSLCrF77O4,2009-02-23,33,240026,0.684,0.283,0.863,0.0,0.374,0.799,-4.63,0.0264,102.025,4,4,2
97,I Love U Bibeh,Mencoba Sukses Kembali,The Changcuters,3e1oqsDrbHjeyMD9ycmgyH,2008-02-08,57,252280,0.661,0.0104,0.925,0.009,0.308,0.899,-3.946,0.0345,125.989,9,4,2
98,Cinta Itu Buta,Hal Terbesar,Armada,78zssGNrP4I5WoCtr9K2E7,2009-07-23,54,242946,0.577,0.0787,0.795,3.81e-06,0.12,0.895,-3.732,0.0308,127.995,11,4,2
99,Laskar Pelangi,King of Soundtrack,Nidji,1QUtm56yu82Q7loVRmon0a,2014-01-01,67,232786,0.554,0.314,0.476,0.00345,0.684,0.512,-10.052,0.0239,90.023,8,4,2
100,Selimut Hati,The 2000's Greatest,Dewa 19,112PgZaSiXk8Mqem2Krgtq,2007-03-12,61,279289,0.703,0.547,0.428,0.000101,0.129,0.545,-8.41,0.0286,74.995,9,4,3
101,Hampa,Keseimbangan,Ari Lasso,6bE0o9hYUPYlokZIH79oM0,2003,69,298893,0.528,0.391,0.624,0.0,0.0777,0.374,-6.613,0.0301,80.051,11,4,3
102,Kucinta Kau Apa Adanya,Once,Once Mekel,03OwtkeHmoMT8JY3kv8WhF,2012,63,265280,0.533,0.522,0.444,0.00019,0.129,0.319,-7.794,0.0238,76.977,2,3,3
103,Cintailah Aku Sepenuh Hati,Yang Terbaik,Ari Lasso,5n8YOy9hd8o4d3OHteTVCJ,2012-06-03,53,247533,0.51,0.0756,0.424,0.0,0.112,0.125,-7.85,0.0264,146.093,11,5,3
104,C.I.N.T.A,C.I.N.T.A,D'Bagindas,1kSXn6irZ8g4Dy5BkRjF5u,2010-01-04,51,241053,0.772,0.846,0.237,0.0,0.1,0.333,-8.274,0.0333,117.979,7,4,3
105,Luluh,Penantian Hidup,SAMSONS,2eFh9Q4XwYn5pChQGjqSay,2007-01-01,51,277920,0.31,0.615,0.269,0.00218,0.107,0.0724,-9.282,0.0308,128.145,9,4,3
106,KKEB,The Best Of Andre Hehanussa,Andre Hehanussa,71NQP11KgFDEJzzrks7wcn,2001-08-01,55,241733,0.78,0.828,0.209,0.000167,0.106,0.644,-12.2,0.0334,97.009,6,4,3
107,Jaga Slalu Hatimu,Dunia Yang Indah,Seventeen,3YZQseFqB5LVy9VcfVv7dp,2010-01-01,58,285933,0.465,0.514,0.659,0.0,0.345,0.255,-4.458,0.0293,135.026,9,4,3
108,Cinta Pertama Dan Terakhir,Gemini,Sherina,4TomVy5zx50p9boc8FqYnT,2009-09-07,58,275133,0.447,0.641,0.479,0.0,0.263,0.359,-5.815,0.0285,151.815,9,4,3
109,Bersamamu,Storytelling,Vierra,5rsd4O4o9TkMRB4s6h75Bb,2022-02-07,52,252306,0.441,0.958,0.242,0.0,0.0979,0.381,-9.474,0.0312,140.546,3,4,3
110,Selamanya Cinta,OST Cintapuccino,Various Artists,4DX8Ejmm8dMRklWeSnOckn,2007,49,299160,0.416,0.82,0.226,0.000272,0.143,0.178,-10.934,0.0338,138.852,7,4,3
111,Mungkinkah,Mungkinkah,Stinky,7dlnTQMqvzoJe649aLgUdb,2016-04-15,54,353697,0.482,0.644,0.586,0.0,0.12,0.346,-5.254,0.0276,143.913,9,4,3
112,Cinta Terbaik,Cinta Terbaik,Cassandra,0Afs1hDADIDxx31FyJIEXm,2017-08-04,61,241449,0.544,0.623,0.389,0.0,0.125,0.157,-7.332,0.0292,144.37,8,4,3
113,Aku Bukan Untukmu,Kembali Indah,Jikustik,28QtTXLKcRn0hyVBP64tQf,2010-01-01,30,249266,0.567,0.674,0.618,0.0,0.144,0.357,-6.606,0.024,78.027,4,4,3
114,I Remember,I Remember,Mocca,2pb1TmG342aDAPgJFRyfIW,2017-11-01,51,165000,0.732,0.883,0.328,0.0,0.0864,0.55,-7.72,0.0327,112.104,0,4,3
115,Sahabat Kecil,Laskar Pelangi,Various Artists,6Hk0oWJYqozKWWZdFbqGRr,2008-09-24,53,245000,0.594,0.543,0.38,0.0,0.0943,0.345,-7.813,0.0329,82.39,9,3,3
116,Rasa Ini,Storytelling,Vierra,3LmIuk8h3S0DSZ9gtnVuaP,2022-02-07,63,240266,0.58,0.852,0.49,2.85e-05,0.402,0.194,-6.267,0.0286,124.986,2,4,3
117,Sempat Memiliki,The Special One,Yovie & Nuno,5It44CCAJpMBShYw1swvql,2007-12-10,55,252093,0.58,0.646,0.513,0.00038,0.133,0.429,-6.576,0.0292,124.019,9,4,3
118,Rahasia hati,King of Soundtrack,Nidji,7lq2dq2VRLyaN1JW1MXrAC,2014-01-01,54,250755,0.572,0.461,0.643,0.0144,0.139,0.352,-7.358,0.0338,123.969,8,4,3
119,Ku Bahagia,Gemini,Sherina,4cwsaW9WRyedzDt89Xwhjh,2009-09-07,27,274333,0.35,0.646,0.43,0.0,0.0946,0.419,-7.837,0.0297,89.896,2,3,3
120,Aku Pasti Kembali,The Best Of Pasto,Pasto,73YO1J18gPintZVazgvUC5,2014-05-21,53,281547,0.52,0.833,0.301,0.0,0.124,0.523,-8.504,0.0277,141.937,7,4,3
121,Tak Ada Yang Bisa,Season 2,Andra & The Backbone,4GTl1yGggDLDtbjd8icOYI,2008-03-25,55,300651,0.531,0.525,0.287,5.15e-05,0.132,0.252,-10.632,0.0308,120.116,2,4,3
122,Dewi,Alexa,Alexa,3dPqT7eqD97dsN6kFUixk0,2008-02-25,62,257760,0.349,0.865,0.327,0.0,0.148,0.339,-8.441,0.0292,149.825,4,4,3
123,Cinta,The Best Slow Vina Panduwinata,Vina Panduwinata,4KKVDCGDH2ykRAo9Vnwpiu,1995-10-08,48,241543,0.499,0.749,0.444,0.0,0.423,0.349,-8.702,0.0291,127.661,11,4,3
124,Takut,Storytelling,Vierra,1U6SW639koYskErj9AEcN4,2022-02-07,47,201280,0.621,0.975,0.183,0.000131,0.128,0.45,-12.603,0.0268,77.977,2,4,3
125,Menghitung Hari 2,Heart,Various Artists,1svU65QddvvLA0YY9mdiqF,2006-04-22,62,219706,0.409,0.879,0.141,0.0,0.126,0.302,-10.092,0.0331,153.238,0,4,3
126,Single Happy,The Best of Top,Various Artists,01B4DS28ijRAFVnSUeV7Hs,2009,39,261413,0.689,0.51,0.576,0.0,0.198,0.479,-7.36,0.0414,75.036,9,4,3
127,By My Side,By My Side,Maudy Ayunda,2Lrnhv3sDBdjrCg6k8N8FV,2014-01-03,5,249515,0.499,0.548,0.341,0.0,0.0857,0.18,-9.125,0.0259,142.024,11,4,3
128,Mine,Mine,Petra Sihombing,6NkUP6IeLnH6Yaw2wcNHzO,2014-06-30,62,229120,0.472,0.467,0.572,0.0,0.0711,0.361,-5.651,0.0282,81.367,3,4,3
129,Kisah Kasih Di Sekolah,By Request-Seperti Yang Kau Minta,Chrisye,7nyZw3OBrKKoVGViti8PAI,2021-03-17,45,283586,0.346,0.195,0.42,0.0,0.0989,0.312,-7.863,0.0284,71.891,9,4,3
130,Jatuh Hati,Handmade,Raisa,0rgEL2cD2T5MDzSDJTQNlw,2016-04-27,63,207403,0.536,0.813,0.355,0.0,0.12,0.234,-10.562,0.0289,132.131,7,4,3
131,Bila Bersamamu,"Love, Fake & Friendship",Nidji,310yv2wmekTBcSc3LVp9vh,2017-06-16,28,195227,0.514,0.662,0.444,0.0,0.129,0.42,-7.893,0.0408,121.56,7,4,3
132,Symphoni Yang Indah,Songs To Remember,Various Artists,3KajF6MAAspVyWsMp4fvsn,2013,50,306826,0.343,0.602,0.579,0.000341,0.345,0.281,-6.633,0.0277,154.408,4,4,3
133,Percayalah,SIDES,Afgan,2JNkwar9orTpjlBoDgTXbJ,2016-08-24,50,264133,0.549,0.585,0.331,0.0,0.12,0.195,-8.879,0.028,125.953,2,4,3
134,Ku Tunggu Kau Putus,ii,Sheryl Sheinafia,0IZDooqL9fXabNeywniTl3,2017-01-27,53,207928,0.674,0.817,0.29,0.0,0.164,0.239,-9.375,0.0274,135.898,10,4,3
135,Berdua Bersama,Sinergi,Jaz,1woJEue7jKgeiSmoUXRIoX,2021-06-18,59,218522,0.434,0.673,0.529,3.31e-06,0.16,0.394,-7.752,0.0298,89.483,7,4,3
136,Racun Dunia,Mencoba Sukses Kembali,The Changcuters,2F8nJ7yF9GN5ONBHnmzy1h,2008-02-08,57,274466,0.497,0.00836,0.796,0.487,0.0851,0.722,-4.195,0.0518,153.881,2,4,4
137,Untuk Mencintaimu,Lelaki Hebat,Seventeen,04tvOIuyk8y0QVA8Ta0UOd,2008-01-01,66,209346,0.345,0.169,0.614,0.175,0.0864,0.315,-4.534,0.0267,148.28,0,4,4
138,Aku Cinta Dia,Harmoni Cinta,Gita Gutawa,0WEXVWdNNtPOzWxxVCtgHE,2008-07-28,40,235106,0.709,0.09,0.821,0.262,0.0868,0.689,-5.15,0.0279,138.025,0,4,4
139,Jangan Kau Lepas,Alexa,Alexa,55AIhUM5HgjJuSdFoJdtSQ,2008-02-25,57,241000,0.59,0.109,0.846,0.398,0.336,0.794,-3.365,0.0353,119.973,4,4,4
140,Teka Teki,Heart To Heart,Raisa,5FEcywzPnpul59cCsBmZ6p,2013-11-27,49,210733,0.81,0.402,0.647,0.0,0.0619,0.638,-5.868,0.0628,119.986,2,4,5
141,"Bukan Sekedar Kata (from ""Susah Sinyal"")","Bukan Sekedar Kata (from ""Susah Sinyal"")",TheOvertunes,5NGKdhsTJCVS3WZR8okMgc,2017-11-15,40,217625,0.718,0.57,0.449,0.0,0.0856,0.662,-8.758,0.0321,112.151,7,4,5
142,Cerita Cinta,Cerita Cinta,Kahitna,3JU5Cb1A0Et9gzVvhYxQCm,1994-11-11,49,263978,0.648,0.523,0.698,0.0,0.0902,0.761,-8.839,0.0483,80.842,6,4,5
143,Kala Cinta Menggoda,By Request-Seperti Yang Kau Minta,Chrisye,1NmxBjg8ybFwQkiKVnRxws,2021-03-17,60,324333,0.694,0.434,0.796,8.42e-05,0.069,0.68,-6.618,0.063,171.372,0,4,5
144,Merindu Lagi (Pada Kekasih Orang),Winning 11,Yovie & Nuno,3vN8A1HfOcytUpCiEm2qqI,2010-08-16,65,179546,0.619,0.344,0.687,0.0,0.104,0.72,-3.57,0.0292,127.927,9,4,5
145,Natural,Persiapan,D’MASIV,4MNfg1JHrCPcRI4bGE7J04,2012-01-01,42,234186,0.499,0.437,0.677,1.55e-05,0.102,0.433,-7.029,0.0274,77.95,0,4,5
146,Pergilah Kau,Gemini,Sherina,6PB9sFomDPo372TYtwL1jB,2009-09-07,47,233200,0.511,0.276,0.468,0.0,0.14,0.292,-6.464,0.0312,144.032,4,4,5
147,Wajahmu Mengalihkan Duniaku,The One,Afgan,4z8CduM0gnyJxgLNrEvxEh,2010-04-01,66,189506,0.667,0.755,0.567,3.86e-06,0.0754,0.83,-4.114,0.0434,87.991,9,4,5
148,Lebih Indah,Lebih Indah,Adera,66V6QeI1Y9PQO4J7p7JGJO,2016-07-25,65,258426,0.698,0.513,0.879,0.000165,0.0661,0.883,-4.237,0.034,101.989,2,4,5
149,Dilema,Cherrybelle Compilation Album,Cherrybelle,3cqBNjjGjtKer3jWHCPIUC,2016-08-05,49,242086,0.734,0.0591,0.72,3.05e-05,0.0874,0.626,-6.389,0.0329,114.981,7,4,5
150,Suara (Ku Berharap),Ikuti Cahaya,Hijau Daun,28pSjEpLxPmXMr0EzqqqTP,2008-07-28,58,236706,0.609,0.277,0.642,1.22e-06,0.0939,0.287,-5.495,0.0242,95.967,2,4,5
151,Kulakukan Semua Untukmu,HOP3,RAN,7D4owue92VTPPMG0nNc4b5,2011-01-01,58,236746,0.74,0.437,0.725,2.41e-05,0.37,0.579,-5.85,0.0333,107.986,1,4,5
152,Manusia Biasa (CLB),Winning 11,Yovie & Nuno,2gTg860d3Ju5ZbmkVVjukZ,2010-08-16,55,227480,0.591,0.521,0.664,0.0,0.113,0.67,-4.396,0.0259,110.026,0,4,5
153,Pernah Muda,Tentang Kamu,Bunga Citra Lestari,53jVt2BD1Wgh1aUoqAodQT,2008,49,203640,0.711,0.324,0.247,7.88e-05,0.137,0.491,-12.662,0.0284,104.983,9,4,5
154,Cinta Dalam Hati,Untukmu Selamanya,Ungu,4NOniDRyYcBjF6m1x3U8TK,2007-08-06,65,283360,0.366,0.121,0.58,6.47e-05,0.218,0.196,-5.323,0.0306,136.125,2,4,5
155,Tiba-Tiba Cinta Datang,Panggil Aku…,Maudy Ayunda,3oJZHURvtmLvYa0eSI2rtY,2011-08-11,56,242146,0.743,0.646,0.678,5.64e-06,0.23,0.883,-4.731,0.0461,94.975,1,4,5
156,Nuansa Bening,Pelangi Di Malam Hari,Vidi Aldiano,2WzhcCQXcHZCRIeL24rSBd,2019-10-05,52,282973,0.579,0.381,0.483,0.0,0.103,0.346,-8.777,0.0526,79.909,1,4,5
157,Heavy Rotation,Heavy Rotation,JKT48,7EdzxaYQzbOqOlmwzjDFwX,2013,36,282613,0.397,0.002,0.907,0.0,0.281,0.33,-1.101,0.045,178.039,1,4,5
158,Suka Sama Kamu,C.I.N.T.A,D'Bagindas,7fI9oxvz4kPSAtEImlXu6M,2010-01-04,57,192093,0.763,0.704,0.722,0.0,0.101,0.848,-5.502,0.034,109.996,6,4,5
159,Katakanlah,Bintang Yang B3rsinar,Drive,4mJnQ2iqrIbeTnY65KC5kf,2010-11-03,45,211320,0.432,0.00194,0.726,0.014,0.16,0.397,-5.872,0.0286,164.004,9,4,5
160,Ingatlah Hari Ini,Move On,Project Pop,5PUWdSURtMgY7onyhYCY4I,2013-09-05,56,224293,0.706,0.304,0.73,0.0,0.273,0.519,-4.547,0.0282,105.012,7,4,5
161,Sampai Kau Jadi Milikku,Hati & Cinta,Judika,6D1e7qG3MSlZ73xbw3Lm3p,2015-08-07,55,195957,0.654,0.12,0.687,0.0,0.124,0.561,-4.793,0.0518,81.966,7,4,5
162,Dia Milikku,The Special One,Yovie & Nuno,1OQyfW04HtxbKJykjlG3wD,2007-12-10,62,211933,0.521,0.504,0.875,0.000343,0.357,0.468,-3.813,0.047,79.981,2,4,5
163,Buat Aku Tersenyum,07 Des,Sheila On 7,6fp5H6JgnlAnS69SktBhpg,2002-03-26,55,188706,0.403,0.395,0.729,0.0,0.0861,0.654,-6.768,0.0279,106.971,6,4,5
164,Semakin,Perjalanan,D’MASIV,7zGbIqni41yUJIZqR458am,2009-01-01,43,202133,0.509,0.113,0.809,2.32e-06,0.144,0.555,-5.367,0.0377,126.993,9,4,5
165,Mabuk Cinta,Satu Hati Sejuta Cinta,Armada,7gWcfdZVM1uunqG6trmQVG,2012-04-30,65,239506,0.628,0.014,0.671,2.35e-06,0.185,0.488,-6.69,0.0309,120.011,2,4,5
166,Yang Terbaik Bagimu (Jangan Lupakan Ayah) [feat. Gita Gutawa],Heaven Of Love,Ada Band,0hcshcvKuOODyfuvkfoW9S,2004-10-28,65,252261,0.329,0.415,0.611,0.00334,0.113,0.318,-6.991,0.0468,168.001,2,3,5
167,SKJ,P.U.S.P.A.,ST12,4diHHRdO66LtVYkp9zV7f3,2008-06-28,46,236400,0.657,0.27,0.617,0.000293,0.262,0.44,-6.573,0.0297,108.119,9,4,5
168,Dengarkan Curhatku,Storytelling,Vierra,55soKhJKi2kx8nZ8FYVwlA,2022-02-07,45,151040,0.417,0.373,0.849,0.000132,0.104,0.69,-5.133,0.03,179.826,3,4,5
169,Empat Mata,C.I.N.T.A,D'Bagindas,5xE3anVS4zpbl85gQzX9i2,2010-01-04,56,228813,0.797,0.587,0.802,0.0,0.111,0.889,-6.061,0.0395,119.993,1,4,5
170,Pencinta Wanita,Heart,Various Artists,0sMclGmddV8xeqBgI2k2yB,2006-04-22,55,253133,0.76,0.14,0.648,0.0,0.119,0.64,-6.856,0.0285,111.985,7,4,5
171,Kamu Yang Pertama,Anugrah Terindah,Geisha,38YNdg9kycUV60ukTyTT1e,2009-01-01,47,183533,0.63,0.106,0.793,0.0,0.075,0.602,-4.786,0.0348,135.02,7,4,5
172,Koq Gitu Sih,Indra Bekti,Indra Bekti,67uR06KKb9B7R2cHutqDzv,2014-03-29,31,242000,0.649,0.09,0.616,0.0,0.0929,0.416,-6.322,0.0731,167.856,7,4,5
173,Di Ujung Jalan,Perihal Besar,SAMSONS,70GUGyk1sJYFTqZpSJj2KM,2013-01-01,55,233640,0.413,0.0512,0.646,5.65e-06,0.213,0.26,-2.812,0.0284,140.002,9,4,5
174,Akhir Rasa Ini,Naluri Lelaki (Special Edition),SAMSONS,5FfIuxqeRDx2eoZDVr0uwa,2016-09-21,56,294653,0.41,0.043,0.765,0.0,0.252,0.137,-5.253,0.0407,145.985,2,4,5
175,Jangan Gila,The Best Of,Bunga Citra Lestari,3wo9IyZVksrQq460APovoV,2014-08-27,33,199826,0.832,0.549,0.381,0.00404,0.0726,0.906,-9.24,0.0339,94.015,2,4,5
176,Status Palsu,Pelangi Di Malam Hari,Vidi Aldiano,0rI7ABPkFghouxwfnVZXHD,2019-10-05,46,248173,0.643,0.15,0.793,0.000263,0.107,0.599,-5.069,0.0303,93.994,10,4,5
177,Mau Dibawa Kemana,Hal Terbesar,Armada,2CulJODngVvPoLtQrZVWoy,2009-07-23,57,239573,0.645,0.491,0.568,0.0,0.117,0.732,-5.921,0.0259,109.988,9,4,5
178,Slow Down Baby,Tersenyum Lagi,She,48ZpHG3rkUN9kKGCE4mNsB,2007-06-01,35,220653,0.645,0.527,0.664,0.0,0.0453,0.89,-4.021,0.0687,90.006,7,4,5
179,50 Tahun,Warna With Friends,Various Artists,4ZQfQAwtnVbvmn5cgZkK0V,2006-07-25,43,203626,0.651,0.233,0.823,1.61e-06,0.125,0.476,-5.919,0.0745,120.011,8,4,5
180,Kasmaran,Aku Tau Rasanya,Pinkan Mambo,1qlmjwK10E5WyevBuOgT8J,2006-10-02,45,226506,0.702,0.479,0.646,0.00683,0.0937,0.623,-7.035,0.0361,124.978,4,4,5
181,Jadikan Aku Yang Kedua,Jadikan Aku Yang Ke 2,Astrid,1nKxixMaGmgOcAgKxazYyc,2006-12-21,48,251373,0.702,0.0933,0.621,0.00717,0.167,0.458,-6.888,0.043,127.968,2,4,5
182,Arti Cinta,"Kulihat, Kudengar, Kurasa",Ari Lasso,6TDxFogJOtrsVVK5eNWjIP,2004,53,251293,0.411,0.136,0.661,0.0,0.101,0.207,-8.846,0.042,175.684,2,4,5
183,Jika (feat. Melly Goeslaw),Sendiri Dulu,Ari Lasso,1vx8MAnPkvu2Vq6LlfPMKM,2001,33,325560,0.691,0.197,0.559,7.4e-06,0.128,0.549,-8.901,0.0232,100.122,5,4,5
184,Terlalu Lama,Storytelling,Vierra,3ubllsz0XnpKhzi6UacgHE,2022-02-07,66,247946,0.532,0.336,0.57,0.0107,0.115,0.392,-6.677,0.028,150.062,5,4,5
185,Parasit,Harmoni Cinta,Gita Gutawa,4t3bfrYjCSr0nfvu24otR6,2008-07-28,40,266480,0.84,0.0933,0.681,0.0196,0.0522,0.675,-5.048,0.0288,128.002,9,4,5
186,Tak Pernah Padam,Find The Way,Sandhy Sondoro,0heY4hxgRs6s1wrMtrS3YJ,2011-12-16,56,241106,0.667,0.548,0.456,0.0,0.17,0.551,-6.799,0.0409,74.987,8,4,5
187,Sedari Dulu,My Happy Life,Tompi,59l92FgZxqRAAat5pc5P09,2008-01-28,55,276453,0.717,0.388,0.71,0.0,0.137,0.745,-5.438,0.0243,107.983,7,4,5
188,Sunset Di Tanah Anarki,Sunset di Tanah Anarki,Superman Is Dead,1bfbixjy7OPG2n3MbLKrKu,2013-10-15,59,328600,0.578,0.0838,0.87,0.00107,0.138,0.416,-5.688,0.0602,97.465,6,4,5
189,Tak Setampan Romeo,Winning 11,Yovie & Nuno,54aLrbeFF2z98O4sbkdny1,2010-08-16,45,218373,0.542,0.468,0.578,0.0,0.0721,0.71,-3.98,0.0308,123.373,6,3,5
190,Masih Mencintaimu,Gruvi,GRUVI,0OdYbzuaCAYu7hmViKvTAM,2008-01-01,48,190373,0.525,0.584,0.771,0.000364,0.151,0.768,-4.192,0.0343,150.04,7,4,5
191,Tergoda Bidadari,Still The One,Yovie & Nuno,5KEq53FXa6ugiijkEQ7YkF,2014-04-14,43,217706,0.61,0.603,0.578,0.000148,0.119,0.723,-5.593,0.0281,117.172,1,4,5
192,Buka Semangat Baru,"Kamu, Aku, Cinta",Lala Karmela,6lZKJkfn0eVCXvbh1jsO8a,2011-02-21,47,232746,0.583,0.394,0.71,6.12e-06,0.162,0.553,-5.428,0.0605,89.777,0,4,5
